Minggu ke-,PM2.5,PM10,,Stasiun,Mean PM2.5
1,267.178571,276.369048,,Aotizhongxin,80.827438
2,267.178571,40.488095,,Changping,69.773106
3,61.732143,76.017857,,Dingling,64.59009
4,106.1375,121.154167,,Dongsi,84.414816
5,90.821429,98.779762,,Guanyuan,81.669655
6,67.755952,83.125,,Gucheng,82.454632
7,87.202381,103.577381,,Huairou,67.815537
8,33.869048,44.14881,,Nongzhuan,83.372747
,,,,Shunyi,77.499906
,,,,Tiantan,80.636431
,,,,Wanliu,82.499085
,,,,Wanshouxigong,83.396004